﻿Designator,Footprint,Quantity,Value,LCSC Part #
C6,C_Disc_D4.3mm_W1.9mm_P5.00mm,1,100n,
"D23, D24, D25, D26, D27, D28, D29, D30, D31, D32, D33, D34, D35, D36, D37, D38, D39, D40, D41, D42, D43, D44",D_DO-35_SOD27_P5.08mm_Horizontal,22,1N4148,
J2,PJ-320A,1,SJ-43514,
J3,OLED_1side,1,Conn_01x04,
"L1, L2, L3",LED_D3.0mm,3,LED,
PUCK1,Tenting_Puck,1,PUCK,
"R50, R51, R52",R_Axial_DIN0204_L3.6mm_D1.6mm_P5.08mm_Horizontal,3,5.1k,
"SW23, SW24, SW25, SW26, SW27, SW29, SW30, SW31, SW32, SW33, SW34, SW35, SW36, SW37, SW38, SW39, SW40, SW42, SW43",Kailh_socket_MX_PG1350_optional,19,SW_Push,
"SW28, SW41, SW44",Kailh_socket_MX_PG1350_EC11_optional,3,Rotary_Encoder_Switch,
U2,DIP-28_W7.62mm_Socket,1,MCP23017_SP,
