﻿Designator,Footprint,Quantity,Value,LCSC Part #
"C1, C2",C_Disc_D3.0mm_W1.6mm_P2.50mm,2,22p,
C3,CP_Radial_D4.0mm_P1.50mm,1,4.7u,
"C4, C5",C_Disc_D4.3mm_W1.9mm_P5.00mm,2,100n,
"D1, D10, D11, D12, D13, D14, D15, D16, D17, D18, D19, D2, D20, D21, D22, D3, D4, D5, D6, D7, D8, D9",D_DO-35_SOD27_P5.08mm_Horizontal,22,1N4148,
"D50, D51",D_DO-35_SOD27_P5.08mm_Horizontal,2,3.6V,
F1,polyfuse_5.1mm,1,100mA,
ISP1,AVR_ICSP_3x2,1,AVR_ISP_6,
J1,PJ-320A,1,SJ-43514,
PB1,SW_PUSH_6mm,1,RESET,
PB2,SW_PUSH_6mm,1,BOOT,
PUCK1,Tenting_Puck,1,SYM_Arrow45_Small,
R1,R_Axial_DIN0204_L3.6mm_D1.6mm_P5.08mm_Horizontal,1,1.5k,
"R2, R3",R_Axial_DIN0204_L3.6mm_D1.6mm_P5.08mm_Horizontal,2,75R,
"R4, R5",R_Axial_DIN0204_L3.6mm_D1.6mm_P5.08mm_Horizontal,2,5.1k,
R6,R_Axial_DIN0204_L3.6mm_D1.6mm_P5.08mm_Horizontal,1,10k,
"R7, R8",R_Axial_DIN0204_L3.6mm_D1.6mm_P5.08mm_Horizontal,2,2.2k,
"SW1, SW10, SW11, SW12, SW13, SW14, SW15, SW16, SW17, SW18, SW2, SW20, SW21, SW3, SW4, SW5, SW7, SW8, SW9",Kailh_socket_MX_PG1350_optional,19,SW_Push,
"SW19, SW22, SW6",Kailh_socket_MX_PG1350_EC11_optional,3,Rotary_Encoder_Switch,
U1,DIP-28_W7.62mm_Socket,1,ATMEGA328-PU,
USB1,USB_C_GCT_USB4085,1,USB_C_GCT_USB4085-Type-C,
Y1,Crystal_HC49-4H_Vertical,1,16MHz,
